[
  {
    "code": "APPLE",
    "name": "Apple Music",
    "price": 10000,
    "desc": "...",
    "accounts": [],
    "stock": 0
  },
  {
    "code": "GEMINI",
    "name": "Gemini Pro",
    "price": 20000,
    "desc": "...",
    "accounts": [],
    "stock": 0
  },
  {
    "code": "CHATGPT",
    "name": "Chatgpt+",
    "price": 20000,
    "desc": "...",
    "accounts": [],
    "stock": 0
  },
  {
    "code": "GMAIL",
    "name": "Akun Gmail",
    "price": 2000,
    "desc": "...",
    "accounts": [],
    "stock": 0
  },
  {
    "code": "CAPCUT",
    "name": "Capcut Pro",
    "price": 10000,
    "desc": "email akses voraksstore.id",
    "accounts": [],
    "stock": 0,
    "sold": 9661760,
    "variations": [
      {
        "name": "30D 1pcs",
        "price": 5000,
        "accounts": [],
        "stock": 0
      },
      {
        "name": "7D 1pcs",
        "price": 1500,
        "accounts": [],
        "stock": 0
      }
    ]
  },
  {
    "code": "VCC",
    "name": "Vcc Indo",
    "price": 5000,
    "desc": "...",
    "accounts": [
      {
        "email": "user@example.com",
        "password": "password123",
        "desc": "Akun slot 1",
        "used": false
      }
    ],
    "stock": 1,
    "variations": [
      {
        "name": "Spotify 1pcs",
        "price": 5000,
        "accounts": [
          {
            "email": "user@example.com",
            "password": "password123",
            "desc": "Akun slot 1",
            "used": false
          }
        ],
        "stock": 1
      },
      {
        "name": "Cursor 1pcs",
        "price": 5000,
        "accounts": [
          {
            "email": "user@example.com",
            "password": "password123",
            "desc": "Akun slot 1",
            "used": false
          }
        ],
        "stock": 1
      }
    ]
  },
  {
    "code": "ZOOM",
    "name": "Zoom Pro",
    "price": 10000,
    "desc": "...",
    "accounts": [],
    "stock": 0
  },
  {
    "code": "YOUTUBE",
    "name": "Youtube Premium",
    "price": 20000,
    "desc": "...",
    "accounts": [],
    "stock": 0
  },
  {
    "code": "VPN",
    "name": "VPN Premium",
    "price": 10000,
    "desc": "...",
    "accounts": [],
    "stock": 0
  },
  {
    "code": "VIU",
    "name": "Viu Premium",
    "price": 5000,
    "desc": "...",
    "accounts": [],
    "stock": 0
  },
  {
    "code": "ALIGHTMOTION",
    "name": "Alight Motion",
    "price": 10000,
    "desc": "...",
    "accounts": [],
    "stock": 0
  },
  {
    "code": "JASAWEB",
    "name": "Jasa Web",
    "price": 100000,
    "desc": "...",
    "accounts": [],
    "stock": 0
  }
]