[
  {
    "code": "NETFLIX_PRIVATE",
    "name": "Netflix Private 5 Profil",
    "price": 120000,
    "desc": "Garansi sesuai durasi",
    "accounts": [],
    "stock": 0
  },
  {
    "code": "DISNEY_PLUS",
    "name": "Disney+ Hotstar",
    "price": 30000,
    "desc": "Garansi sesuai durasi",
    "accounts": [],
    "stock": 0
  },
  {
    "code": "CANVA",
    "name": "Canv Pro",
    "price": 500,
    "desc": "...",
    "accounts": [
      {
        "email": "e@x.com",
        "password": "pwd",
        "desc": "slot 1",
        "used": true
      },
      {
        "email": "..",
        "password": "..",
        "desc": "..",
        "used": true
      },
      {
        "email": "..",
        "password": "..",
        "desc": "..",
        "used": false
      },
      {
        "email": "user@example.com",
        "password": "password123",
        "desc": "Akun slot 7",
        "used": false
      },
      {
        "email": "user@example.com",
        "password": "password123",
        "desc": "Akun slot 1",
        "used": false
      }
    ],
    "stock": 3,
    "variations": [
      {
        "name": "60D 1pcs",
        "price": 5000,
        "accounts": [],
        "stock": 0
      },
      {
        "name": "30D 1pcs",
        "price": 5000,
        "accounts": [],
        "stock": 0
      },
      {
        "name": "invite",
        "price": 500,
        "accounts": [
          {
            "email": "user@example.com",
            "password": "password123",
            "desc": "Akun slot 1",
            "used": true
          },
          {
            "email": "user@example.com",
            "password": "password123",
            "desc": "Akun slot 1",
            "used": false
          },
          {
            "email": "test@ex.com",
            "password": "pass123",
            "desc": "Slot 1",
            "used": false
          },
          {
            "email": "test@ex.com",
            "password": "pass456",
            "desc": "Slot 2",
            "used": false
          }
        ],
        "stock": 3
      }
    ]
  },
  {
    "code": "APPLE",
    "name": "Apple Music",
    "price": 10000,
    "desc": "...",
    "accounts": [],
    "stock": 0
  },
  {
    "code": "GEMINI",
    "name": "Gemini Pro",
    "price": 20000,
    "desc": "...",
    "accounts": [],
    "stock": 0
  },
  {
    "code": "CHATGPT",
    "name": "Chatgpt+",
    "price": 20000,
    "desc": "...",
    "accounts": [],
    "stock": 0
  },
  {
    "code": "GMAIL",
    "name": "Akun Gmail",
    "price": 2000,
    "desc": "...",
    "accounts": [],
    "stock": 0
  },
  {
    "code": "CAPCUT",
    "name": "Capcut Pro",
    "price": 10000,
    "desc": "email akses voraksstore.id",
    "accounts": [],
    "stock": 0,
    "sold": 9661760,
    "variations": [
      {
        "name": "30D 1pcs",
        "price": 5000,
        "accounts": [],
        "stock": 0
      },
      {
        "name": "7D 1pcs",
        "price": 1500,
        "accounts": [],
        "stock": 0
      }
    ]
  },
  {
    "code": "VCC",
    "name": "Vcc Indo",
    "price": 5000,
    "desc": "...",
    "accounts": [
      {
        "email": "user@example.com",
        "password": "password123",
        "desc": "Akun slot 1",
        "used": false
      }
    ],
    "stock": 1,
    "variations": [
      {
        "name": "Spotify 1pcs",
        "price": 5000,
        "accounts": [
          {
            "email": "user@example.com",
            "password": "password123",
            "desc": "Akun slot 1",
            "used": false
          }
        ],
        "stock": 1
      },
      {
        "name": "Cursor 1pcs",
        "price": 5000,
        "accounts": [
          {
            "email": "user@example.com",
            "password": "password123",
            "desc": "Akun slot 1",
            "used": false
          }
        ],
        "stock": 1
      }
    ]
  },
  {
    "code": "ZOOM",
    "name": "Zoom Pro",
    "price": 10000,
    "desc": "...",
    "accounts": [],
    "stock": 0
  },
  {
    "code": "YOUTUBE",
    "name": "Youtube Premium",
    "price": 20000,
    "desc": "...",
    "accounts": [],
    "stock": 0
  },
  {
    "code": "VPN",
    "name": "VPN Premium",
    "price": 10000,
    "desc": "...",
    "accounts": [],
    "stock": 0
  },
  {
    "code": "PRIME",
    "name": "Prime Video",
    "price": 15000,
    "desc": "...",
    "accounts": [],
    "stock": 0
  },
  {
    "code": "VIU",
    "name": "Viu Premium",
    "price": 5000,
    "desc": "...",
    "accounts": [],
    "stock": 0
  },
  {
    "code": "ALIGHTMOTION",
    "name": "Alight Motion",
    "price": 10000,
    "desc": "...",
    "accounts": [],
    "stock": 0
  },
  {
    "code": "JASAWEB",
    "name": "Jasa Web",
    "price": 100000,
    "desc": "...",
    "accounts": [],
    "stock": 0
  }
]